symbol,group,date,hour,exchange
R,ATW,2018-01-01,16:00,yobit
DALC,ATW,2018-01-02,16:00,yobit
LRC,ATW,2018-01-03,15:59,yobit
SEL,ATW,2018-01-04,16:03,yobit
LUN,ATW,2018-01-05,16:00,yobit
PAL,ATW,2018-01-06,15:59,yobit
ETL,ATW,2018-01-07,15:59,yobit
GELD,ATW,2018-01-09,15:59,yobit
NET,ATW,2018-01-10,16:00,yobit
AMM,ATW,2018-01-11,16:00,yobit
NET,ATW,2018-01-12,16:00,yobit
BNT,ATW,2018-01-13,16:00,yobit
XRL,ATW,2018-01-14,16:00,yobit
GELD,ATW,2018-01-15,16:00,yobit
BNT,ATW,2018-01-16,16:00,yobit
NET,ATW,2018-01-17,16:00,yobit
SAN,ATW,2018-01-18,16:00,yobit
NET,ATW,2018-01-19,16:00,yobit
MGO,ATW,2018-01-20,16:00,yobit
IND,ATW,2018-01-21,16:00,yobit
ADT,ATW,2018-01-22,17:30,yobit
8BIT,ATW,2018-01-23,17:30,yobit
HDG,ATW,2018-01-24,17:30,yobit
EET,ATW,2018-01-25,17:30,yobit
SBIT,ATW,2018-01-26,17:30,yobit
SEL,ATW,2018-01-27,17:30,yobit
ADT,ATW,2018-01-28,17:30,yobit
8BIT,ATW,2018-01-29,17:30,yobit
NMR,ATW,2018-01-31,17:29,yobit
SRNT,ATW,2018-02-01,17:30,yobit
STY,ATW,2018-02-03,17:36,yobit
U,ATW,2018-02-04,17:02,yobit
IND,ATW,2018-02-05,17:30,yobit
MGO,ATW,2018-02-06,17:30,yobit
BNT,ATW,2018-02-07,17:29,yobit
SWT,ATW,2018-02-08,17:30,yobit
OCEAN,ATW,2018-02-09,17:00,yobit
GREENF,ATW,2018-02-10,17:00,yobit
REA,ATW,2018-02-11,17:00,yobit
SRNT,ATW,2018-02-12,17:00,yobit
CLR,ATW,2018-02-13,17:00,yobit
SEV,ATW,2018-02-14,17:00,yobit
IND,ATW,2018-02-15,17:00,yobit
TES,ATW,2018-02-15,18:00,yobit
IND,ATW,2018-02-16,17:00,yobit
NETKO,ATW,2018-02-17,17:00,yobit
TES,ATW,2018-02-18,17:00,yobit
XMG,ATW,2018-02-19,17:00,yobit
IXT,ATW,2018-02-20,17:00,yobit
DRACO,ATW,2018-02-21,17:00,yobit
BNT,ATW,2018-02-22,17:00,yobit
TIME,ATW,2018-02-23,17:00,yobit
XRL,ATW,2018-02-24,17:00,yobit
TIME,ATW,2018-02-25,17:00,yobit
DCRE,ATW,2018-02-26,17:00,yobit
TIE,ATW,2018-02-27,17:00,yobit
BUM,ATW,2018-02-28,17:00,yobit
REA,ATW,2018-03-01,17:00,yobit
TNT,ATW,2018-03-02,17:00,yobit
SMC,ATW,2018-03-03,17:00,yobit
TDS,ATW,2018-03-04,17:00,yobit
REA,ATW,2018-03-05,17:00,yobit
LDM,ATW,2018-03-06,17:00,yobit
UKG,ATW,2018-03-07,17:01,yobit
NMR,ATW,2018-03-08,17:00,yobit
BLN,ATW,2018-03-09,15:00,yobit
CHSB,ATW,2018-03-11,14:00,yobit
CHSB,ATW,2018-03-12,14:00,yobit
CL,ATW,2018-03-13,14:00,yobit
EMT,ATW,2018-03-14,14:00,yobit
PPT,ATW,2018-03-15,14:00,yobit
AE,ATW,2018-03-16,14:00,yobit
CHSB,ATW,2018-03-17,13:59,yobit
MGO,ATW,2018-03-18,14:00,yobit
TORQ,ATW,2018-03-19,14:00,yobit
BLN,ATW,2018-03-20,14:00,yobit
SNPT,ATW,2018-07-16,15:59,yobit
INFX,ATW,2018-07-21,16:00,yobit
SLING,ATW,2018-07-26,16:00,yobit
HAC,ATW,2018-07-28,16:00,yobit
CL,ATW,2018-08-03,16:00,yobit
SIG,ATW,2018-08-04,16:01,yobit
GET,ATW,2018-08-05,16:02,yobit
GET,ATW,2018-08-08,15:59,yobit
TORQ,ATW,2018-08-09,18:00,yobit
HDG,ATW,2018-08-12,16:00,yobit
PAI,ATW,2018-08-13,18:01,yobit
PRO,ATW,2018-08-14,17:00,yobit
COINV,ATW,2018-08-16,16:00,yobit
HAC,ATW,2018-08-17,16:00,yobit
MTH,ATW,2018-08-19,15:59,yobit
LOOM,ATW,2018-08-21,16:00,yobit
MNZ,ATW,2018-08-22,17:01,yobit
BNBX,ATW,2018-08-25,18:00,yobit
IQT,ATW,2018-08-26,16:00,yobit
HQX,ATW,2018-08-28,17:00,yobit
AE,ATW,2018-08-30,17:01,yobit
TUSD,ATW,2018-09-01,17:01,yobit
EMP,ATW,2018-09-06,17:01,yobit
UNITS,ATW,2018-09-07,17:00,yobit
PARTY,ATW,2018-09-08,17:00,yobit
BEEZ,ATW,2018-09-11,17:00,yobit
SBIT,ATW,2018-09-13,16:01,yobit
SEL,ATW,2018-09-15,16:00,yobit
EQT,ATW,2018-09-16,16:00,yobit
IQN,ATW,2018-09-17,16:00,yobit
XMG,ATW,2018-09-18,16:00,yobit
ALIS,ATW,2018-09-19,17:00,yobit
XPRO,ATW,2018-09-21,16:00,yobit
ALIS,ATW,2018-09-22,17:00,yobit
EMP,ATW,2018-09-26,17:00,yobit
XPRO,ATW,2018-09-27,17:00,yobit
FIRE,ATW,2018-09-28,17:00,yobit
XPTX,ATW,2018-09-29,17:00,yobit
PLR,ATW,2018-09-30,17:00,yobit
R,ATW,2018-10-02,17:00,yobit
FRN,ATW,2018-10-05,17:00,yobit
SRN,ATW,2018-10-13,17:00,yobit
ELC,ATW,2018-10-18,17:00,yobit
UFR,ATW,2018-10-19,17:01,yobit
ALIS,ATW,2018-10-27,17:01,yobit
ALIS,ATW,2018-11-09,17:00,yobit
REQ,ATW,2018-12-16,17:00,yobit
LOOM,ATW,2018-12-18,18:00,yobit
MTH,ATW,2018-12-20,17:00,yobit
BRD,ATW,2018-12-22,17:00,binance
REQ,ATW,2018-12-24,19:00,yobit
DLT,ATW,2018-12-26,17:00,yobit
QKC,ATW,2018-12-28,16:00,yobit
BNT,ATW,2018-12-29,17:00,yobit
TNT,ATW,2019-01-01,17:00,yobit
WTC,ATW,2019-01-03,17:00,yobit
KMD,ATW,2019-01-05,17:00,cryptopia
OK,ATW,2019-01-12,17:00,yobit
THETA,ATW,2019-01-13,17:00,yobit
MTH,ATW,2019-01-14,17:00,yobit
REN,ATW,2019-01-17,17:00,yobit
VIA,ATW,2019-01-20,17:00,yobit
TNT,ATW,2019-01-23,19:00,yobit
WTC,ATW,2019-01-25,17:00,yobit
REN,ATW,2019-01-26,19:00,yobit
TNT,ATW,2019-02-06,19:00,yobit
THETA,ATW,2019-02-07,17:00,yobit
DADI,ATW,2019-02-15,17:01,yobit
AOA,ATW,2019-02-16,17:00,yobit
UKG,ATW,2019-02-17,17:00,yobit
WTC,ATW,2019-02-18,17:00,yobit
BLZ,ATW,2019-02-19,17:00,yobit
CRPT,ATW,2019-02-20,17:01,yobit
STORJ,ATW,2019-02-21,17:00,yobit
UKG,ATW,2019-02-23,17:00,yobit
BQX,ATW,2019-02-24,17:00,binance
STORJ,ATW,2019-02-25,17:00,yobit
SYS,ATW,2019-02-27,17:00,binance
CRPT,ATW,2019-03-01,17:00,yobit
THETA,ATW,2019-03-06,17:00,yobit
DADI,ATW,2019-03-07,17:00,yobit
ING,ATW,2019-03-16,17:00,yobit
REN,ATW,2019-03-19,17:00,yobit
ING,ATW,2019-03-20,17:00,yobit
DADI,ATW,2019-03-21,17:00,yobit
FC,ATW,2019-03-23,17:00,yobit
HQX,ATW,2019-03-24,17:00,yobit
DADI,ATW,2019-03-25,17:00,yobit
HQX,ATW,2019-03-26,17:00,yobit
BNT,ATW,2019-03-29,17:00,yobit
TFD,ATW,2019-03-30,17:00,yobit
BNT,ATW,2019-04-04,17:00,yobit
HQX,ATW,2019-04-05,17:00,yobit
BNT,ATW,2019-04-06,17:00,yobit
AOA,ATW,2019-04-07,17:00,yobit
PPT,ATW,2019-04-08,17:00,yobit
QKC,ATW,2019-04-09,17:00,yobit
SNM,ATW,2019-04-11,17:00,yobit
BNT,ATW,2019-04-13,17:00,yobit
DAI,ATW,2019-04-14,17:00,yobit
TNT,ATW,2019-04-15,17:00,yobit
PPT,ATW,2019-04-19,17:00,yobit
STORM,ATW,2019-04-20,17:00,yobit
SOUL,ATW,2019-04-22,16:00,kucoin
ENJ,ATW,2019-04-23,17:00,yobit
PAX,ATW,2019-04-24,17:00,yobit
UKG,ATW,2019-04-27,17:00,yobit
CTXC,ATW,2019-04-28,17:00,yobit
BLZ,ATW,2019-04-30,17:00,yobit
PPT,ATW,2019-05-01,17:00,yobit
PPT,ATW,2019-05-04,17:00,yobit
ENJ,ATW,2019-05-05,17:00,yobit
PAX,ATW,2019-05-08,17:00,yobit
PAX,ATW,2019-05-10,17:00,yobit
HC,ATW,2019-05-12,17:00,binance
PAX,ATW,2019-05-18,17:00,yobit
LEND,ATW,2019-05-19,17:00,yobit
PAX,ATW,2019-05-23,17:01,yobit
BRD,ATW,2019-05-25,16:00,binance
PAX,ATW,2019-06-11,17:00,yobit
DLT,ATW,2019-06-12,17:00,yobit
PPT,ATW,2019-06-14,17:00,yobit
LEND,ATW,2019-06-15,17:00,yobit
LEND,ATW,2019-06-18,17:00,yobit
PAX,ATW,2019-06-20,17:00,yobit
REQ,ATW,2019-06-21,17:00,yobit
BLZ,ATW,2019-06-22,17:00,yobit
BAT,ATW,2019-06-25,17:01,yobit
PPT,ATW,2019-06-26,17:00,yobit
LEND,ATW,2019-07-05,17:00,yobit
FUN,ATW,2019-07-06,17:00,yobit
PPT,ATW,2019-07-07,17:00,yobit
FUN,ATW,2019-07-11,17:00,yobit
BLZ,ATW,2019-07-13,17:00,yobit
FUN,ATW,2019-07-21,17:00,yobit
MATIC,ATW,2019-07-27,17:00,yobit
QKC,ATW,2019-07-28,17:00,yobit
MANIA,ATW,2019-07-29,17:00,yobit
FUN,ATW,2019-08-03,17:00,yobit
REQ,ATW,2019-08-04,17:00,yobit
MANA,ATW,2019-08-09,17:00,yobit
STORJ,ATW,2019-08-10,20:00,binance
MANA,ATW,2019-08-11,17:00,yobit
WPR,ATW,2019-08-12,17:00,yobit
DLT,ATW,2019-08-15,17:00,yobit
DLT,ATW,2019-08-16,17:00,yobit
TFD,ATW,2019-08-17,17:00,yobit
GVT,ATW,2019-08-24,17:00,yobit
SNM,ATW,2019-09-04,17:00,yobit
MTH,ATW,2019-09-06,17:00,yobit
LINK,ATW,2019-09-12,17:00,yobit
QKC,ATW,2019-09-15,17:00,yobit
MANA,ATW,2019-09-23,17:00,yobit
BAT,ATW,2019-09-24,17:00,yobit
GVT,ATW,2019-09-26,17:00,yobit
FUN,ATW,2019-09-28,17:00,yobit
MDA,ATW,2019-09-30,17:00,yobit
SNT,ATW,2019-10-02,17:00,yobit
SNT,ATW,2019-10-05,17:00,yobit
BLZ,ATW,2019-10-12,17:00,yobit
FUN,ATW,2019-10-22,17:00,yobit
MDA,ATW,2019-10-24,17:00,yobit
MDA,ATW,2019-11-12,17:00,yobit
BNT,ATW,2019-11-15,17:01,yobit
BNT,ATW,2019-12-13,17:00,yobit
REN,ATW,2019-12-17,17:00,yobit
BNT,ATW,2019-12-29,17:00,yobit
FUN,ATW,2020-01-15,17:00,yobit
FUN,ATW,2020-03-28,17:00,yobit
AOA,ATW,2020-04-01,17:00,yobit
MTH,ATW,2020-04-04,17:00,yobit
WPR,ATW,2020-04-10,17:00,yobit
SNT,ATW,2020-04-14,17:00,yobit
WPR,ATW,2020-04-19,17:00,yobit
AOA,ATW,2020-04-22,17:00,yobit
LOOM,ATW,2020-05-19,17:00,yobit
NWC,ATW,2020-10-31,17:00,kucoin
ICN,BPG,2018-08-08,16:00,binance
OAX,BPG,2018-08-17,16:00,binance
RDN,BPG,2018-08-21,16:00,binance
DLT,BPG,2018-08-23,16:00,binance
RDN,BPG,2018-09-04,15:30,binance
AST,BPG,2018-09-07,15:30,binance
ICN,BPG,2018-09-11,15:30,binance
OAX,BPG,2018-09-25,14:00,binance
HC,BPG,2018-09-27,14:00,binance
BRD,BPG,2018-10-08,14:00,binance
BRD,BPG,2018-11-13,17:00,binance
EVX,BPG,2018-11-20,17:00,binance
RDN,BPG,2018-11-27,17:00,binance
OAX,BPG,2018-12-07,17:00,binance
EVX,BPG,2018-12-10,17:00,binance
HC,BPG,2018-12-27,17:00,binance
EVX,BPG,2019-01-08,16:00,binance
RDN,BPG,2019-05-10,15:59,binance
CDT,BPG,2019-05-13,15:00,binance
PPT,BPG,2019-05-31,14:59,binance
BRD,BPG,2019-06-17,14:59,binance
RDN,BPG,2019-07-29,15:00,binance
BRD,BPG,2019-10-03,14:59,binance
PPT,BPS,2018-01-03,18:00,binance
KMD,BPS,2018-01-04,16:00,binance
NAV,BPS,2018-01-07,18:00,binance
DGD,BPS,2018-01-09,20:00,binance
GVT,BPS,2018-01-13,20:00,binance
ICN,BPS,2018-01-15,16:59,binance
BNT,BPS,2018-01-20,19:00,binance
XZC,BPS,2018-01-23,18:00,binance
BNT,BPS,2018-01-27,18:00,binance
MOD,BPS,2018-02-12,19:00,binance
PPC,BPS,2018-02-17,18:00,cryptopia
PTC,BPS,2018-02-21,19:00,cryptopia
REP,BPS,2018-02-24,20:00,cryptopia
OK,BPS,2018-02-28,19:00,cryptopia
DLT,BPS,2018-03-11,20:00,binance
XST,BPS,2018-03-16,18:00,cryptopia
DNT,BPS,2018-03-24,18:30,binance
ICN,BPS,2018-04-04,19:00,binance
SNGLS,BPS,2018-04-10,19:00,binance
TNT,BPS,2018-04-14,17:00,binance
OAX,BPS,2018-04-29,19:00,binance
YOYOW,BPS,2018-05-12,18:00,binance
CHAT,BPS,2018-06-10,20:00,binance
CLOAK,BPS,2018-07-01,19:00,binance
NXS,BPS,2018-07-04,18:59,binance
QLC,BPS,2018-07-28,19:00,binance
VIBE,BPS,2018-09-09,19:00,binance
NAV,BPS,2018-09-22,19:00,binance
DATA,BPS,2018-09-29,19:00,binance
EVX,BPS,2018-10-06,19:00,binance
POLY,BPS,2018-10-17,19:01,binance
XZC,BPS,2018-10-20,20:05,binance
BNT,BPS,2019-01-06,21:00,binance
POA,BPS,2019-05-26,21:00,binance
SNM,BPS,2019-06-02,21:00,binance
NEBL,BPS,2019-06-16,21:00,binance
EDO,BPS,2019-12-08,21:01,binance
PNT,BPS,2020-12-04,23:01,binance
DLT,BPS,2020-12-26,21:00,binance
NEBL,BPS,2021-01-02,21:00,binance
EVX,BPS,2021-01-09,21:00,binance
AGRS,C4P,2017-09-21,14:20,bittrex
GAM,C4P,2017-09-24,14:20,bittrex
BRX,C4P,2017-10-01,20:00,bittrex
CURE,C4P,2017-10-03,20:00,bittrex
TX,C4P,2017-10-04,14:20,bittrex
GEO,C4P,2017-10-05,14:20,bittrex
EXCL,C4P,2017-10-06,14:20,bittrex
EGC,C4P,2017-10-08,20:00,bittrex
SNRG,C4P,2017-10-17,11:00,bittrex
AUR,C4P,2017-10-18,14:20,bittrex
BTCD,C4P,2017-10-20,14:20,bittrex
FLDC,C4P,2017-10-21,14:20,bittrex
MYST,C4P,2017-10-26,11:00,bittrex
MLN,C4P,2017-10-30,09:00,bittrex
TKS,C4P,2017-10-31,17:15,bittrex
EFL,C4P,2017-11-03,17:15,bittrex
GEO,C4P,2017-11-08,17:15,bittrex
EFL,C4P,2017-11-09,18:15,bittrex
EFL,C4P,2017-11-10,17:15,bittrex
MLN,C4P,2017-11-14,12:00,bittrex
SLS,C4P,2017-11-17,17:15,bittrex
SPHR,C4P,2017-11-20,17:15,bittrex
XAUR,C4P,2017-11-23,17:15,bittrex
DTB,C4P,2017-11-28,17:15,bittrex
ERC,C4P,2017-11-29,17:15,bittrex
INFX,C4P,2017-11-30,17:15,bittrex
SNRG,C4P,2017-12-05,17:15,bittrex
NXC,C4P,2017-12-08,17:15,bittrex
FAIR,C4P,2017-12-13,17:15,bittrex
GAM,C4P,2017-12-15,17:15,bittrex
BTCD,C4P,2017-12-19,17:15,bittrex
PDC,C4P,2017-12-25,17:15,bittrex
TKS,C4P,2018-01-02,17:15,bittrex
BYC,C4P,2018-01-09,17:15,bittrex
BRX,C4P,2018-01-12,17:15,bittrex
BYC,C4P,2018-01-17,17:39,bittrex
PTC,C4P,2018-01-19,17:15,bittrex
DAS,C4P,2018-02-02,17:15,cryptopia
CFT,C4P,2018-02-07,17:15,cryptopia
MNE,C4P,2018-02-16,16:00,cryptopia
GAM,C4P,2018-02-19,17:15,bittrex
PASL,C4P,2018-02-22,19:00,cryptopia
ELM,C4P,2018-02-27,19:00,cryptopia
SOIL,C4P,2018-03-04,19:00,cryptopia
YOYOW,C4P,2018-05-12,18:02,binance
VIA,CCB,2018-09-30,19:00,binance
CLOAK,CCB,2018-10-01,19:00,binance
QLC,CCB,2018-10-09,17:00,binance
REQ,CCB,2018-10-14,19:00,binance
CND,CCB,2018-10-20,16:00,binance
AST,CCB,2019-03-02,14:00,binance
POA,CCB,2019-05-10,12:00,binance
WPR,CCB,2019-05-15,15:00,binance
STORJ,CCB,2019-06-11,18:00,binance
BLZ,CCB,2019-06-24,18:30,binance
CDT,CCB,2019-08-09,14:59,binance
FUEL,CCB,2020-03-27,21:00,binance
STV,CPS,2018-06-28,17:30,cryptopia
WW,CPS,2018-07-25,17:30,cryptopia
BIP,CPS,2018-08-23,19:00,cryptopia
FLAX,CPS,2018-08-30,19:00,cryptopia
BNC,CPS,2018-09-06,19:15,cryptopia
BCS,CPS,2018-09-14,19:30,cryptopia
CAN,CPS,2018-09-20,19:30,cryptopia
SPR,CPS,2018-09-25,19:29,cryptopia
IVY,CPS,2018-10-03,19:29,cryptopia
SIB,CPS,2018-10-05,19:29,cryptopia
BUBO,CPS,2018-10-11,19:30,cryptopia
XID,CPS,2018-10-18,19:30,cryptopia
XPTX,CPS,2018-10-25,19:29,cryptopia
OXY,CPS,2018-11-03,17:59,cryptopia
XBP,CPS,2018-12-04,19:58,cryptopia
OTN,CPS,2018-12-06,19:59,cryptopia
CAN,CPS,2018-12-13,19:59,cryptopia
XBP,CPS,2018-12-20,20:00,cryptopia
DZC,CPS,2019-01-03,20:10,cryptopia
BBT,CPS,2019-01-11,20:00,cryptopia
GAM,CPS,2019-02-12,20:00,bittrex
GBG,CPS,2019-02-21,20:00,bittrex
BRX,CPS,2019-02-26,20:00,bittrex
CURE,CPS,2019-03-19,20:00,bittrex
TKS,CPS,2019-05-23,20:00,bittrex
IOC,CPS,2019-06-13,20:00,bittrex
PINK,CPS,2019-06-20,20:00,bittrex
GRC,CPS,2019-06-25,19:59,bittrex
NLG,CPS,2019-06-27,19:59,bittrex
GEO,CPS,2019-07-09,20:00,bittrex
LRC,CPS,2019-07-25,20:00,binance
NAV,CPS,2019-08-01,20:00,binance
CVC,CPS,2019-08-13,20:00,binance
SNT,CPS,2019-08-22,20:00,binance
BNT,CPS,2019-09-09,20:00,binance
MORE,CPS,2019-11-27,20:00,bittrex
CURE,CPS,2019-12-12,20:00,bittrex
VRC,CPS,2020-01-30,20:00,bittrex
MORE,CPS,2020-02-13,20:00,bittrex
LUN,CPS,2020-03-18,19:00,binance
ARN,CPS,2020-04-07,18:00,binance
AEON,CPS,2020-04-09,20:00,bittrex
MORE,CPS,2020-04-21,20:00,bittrex
SIB,CPS,2020-05-14,20:00,bittrex
MORE,CPS,2020-05-19,20:00,bittrex
SYS,CPS,2020-07-16,18:00,binance
VIB,CPS,2020-07-30,18:00,binance
PPT,CPS,2020-08-04,18:00,binance
RDN,CPS,2020-08-25,18:00,binance
QSP,CPS,2020-09-10,18:00,binance
GVT,CPS,2020-09-17,18:00,binance
RDN,CPS,2020-10-17,16:00,binance
OAX,CPS,2020-10-18,18:00,binance
PPT,CPS,2020-10-21,18:00,binance
YOYOW,CPS,2020-11-01,18:00,binance
APPC,CPS,2020-11-04,17:00,binance
OAX,CPS,2020-11-05,16:00,binance
NXS,CPS,2020-11-06,20:00,binance
BDL,FCS,2018-02-11,15:58,cryptopia
XCO,FCS,2018-02-13,17:00,cryptopia
XCO,FCS,2018-02-15,18:00,cryptopia
AV,FCS,2018-03-15,19:00,yobit
TNT,FCS,2018-03-15,16:31,yobit
LSK,FCS,2018-03-17,05:00,yobit
LUN,FCS,2018-03-24,19:04,yobit
SNGLS,FCS,2018-03-26,18:03,binance
CNNC,FCS,2018-03-27,16:18,yobit
MTH,FCS,2018-03-30,18:00,binance
MDA,FCS,2018-03-31,16:59,binance
SCRT,FCS,2018-03-31,16:18,yobit
VVI,FCS,2018-04-01,17:30,yobit
EVX,FCS,2018-04-02,16:30,binance
ICN,FCS,2018-04-02,16:00,binance
CHAT,FCS,2018-04-03,16:00,binance
EET,FCS,2018-04-04,16:18,yobit
BRD,FCS,2018-04-05,14:00,yobit
EUC,FCS,2018-04-05,16:18,yobit
EET,FCS,2018-04-07,17:28,yobit
NAV,FCS,2018-04-09,17:00,binance
RLC,FCS,2018-04-09,15:00,binance
ARN,FCS,2018-04-10,16:30,binance
MDA,FCS,2018-04-17,16:30,binance
EGC,FCS,2018-04-19,15:00,bittrex
AUR,FCS,2018-04-23,17:00,bittrex
BRK,FCS,2018-04-24,15:30,bittrex
DCT,FCS,2018-04-27,13:00,bittrex
MOD,FCS,2018-05-18,15:00,binance
SWT,FCS,2018-05-29,13:00,bittrex
DLT,FCS,2018-06-06,13:00,binance
AST,FCS,2018-06-21,14:30,binance
UNB,FCS,2018-06-27,11:00,bittrex
XZX,FCS,2018-10-10,16:31,cryptopia
SUB,FCS,2018-12-27,12:30,binance
BQX,FCS,2018-12-30,12:29,binance
RLC,LUX,2018-04-09,15:00,binance
HQX,LUX,2018-08-28,19:01,yobit
AE,LUX,2018-08-30,17:01,yobit
611,LUX,2018-08-31,18:31,cryptopia
TUSD,LUX,2018-09-01,17:01,yobit
WHL,LUX,2018-09-06,00:03,cryptopia
EMP,LUX,2018-09-06,17:00,yobit
UNITS,LUX,2018-09-07,17:00,yobit
XZX,LUX,2018-09-09,17:01,cryptopia
PARTY,LUX,2018-09-09,00:55,yobit
BEEZ,LUX,2018-09-11,17:01,yobit
ATH,LUX,2018-09-12,18:30,cryptopia
SBIT,LUX,2018-09-13,16:00,yobit
CNO,LUX,2018-09-17,01:00,cryptopia
XMG,LUX,2018-09-18,16:07,yobit
R,LUX,2018-09-19,21:28,cryptopia
ALIS,LUX,2018-09-22,17:00,cryptopia
RDN,MPG,2018-10-28,17:00,binance
STORJ,MPG,2018-12-08,18:45,binance
WABI,MPG,2018-12-16,17:00,binance
NEBL,MPG,2018-12-23,16:59,binance
GXS,MPG,2019-01-20,17:59,binance
HC,MPG,2019-01-25,17:59,binance
WINGS,MPG,2019-01-27,17:59,binance
GXS,MPG,2019-02-10,17:59,binance
AST,MPG,2019-03-02,14:00,binance
GRS,MPG,2019-03-05,16:30,binance
BLZ,MPG,2019-04-13,16:59,binance
ARDR,MPG,2019-04-17,17:00,binance
RDN,MPG,2019-04-24,17:00,binance
NAV,MPG,2019-05-18,17:00,binance
ADX,MPG,2019-07-05,17:00,binance
NAV,MPG,2019-07-13,16:57,binance
BLZ,MPG,2019-07-28,17:00,binance
SNM,MPG,2019-08-07,16:59,binance
DATA,MPG,2019-08-15,20:00,binance
VIB,MPG,2019-08-21,17:59,binance
QSP,MPG,2019-08-29,18:00,binance
DATA,MPG,2019-09-08,18:00,binance
NXS,MPG,2019-10-02,18:00,binance
OST,MPG,2019-10-22,18:00,binance
NAV,MPG,2020-01-16,19:00,binance
SNGLS,MPG,2020-03-08,18:59,binance
VIA,MPG,2020-05-29,15:59,binance
CTXC,MPG,2020-06-03,16:00,binance
VIA,MPG,2020-06-10,15:59,binance
GXS,MPG,2020-06-15,16:00,binance
APPC,MPG,2020-11-04,17:00,binance
IDEX,MPG,2020-12-31,17:00,binance
GNO,PKG,2017-10-23,09:00,bittrex
UBQ,PKG,2017-10-31,16:00,bittrex
XMG,PKG,2017-11-02,16:56,bittrex
DTB,PKG,2017-11-03,17:03,bittrex
SBD,PKG,2017-11-09,17:00,bittrex
CLAM,PKG,2017-11-15,17:00,bittrex
BTCD,PKG,2017-11-18,12:59,bittrex
GAM,PKG,2017-11-18,17:00,bittrex
NBT,PKG,2017-11-19,17:00,bittrex
GAM,PKG,2017-11-20,15:00,bittrex
BYC,PKG,2017-11-21,15:00,bittrex
BRX,PKG,2017-11-23,14:29,bittrex
ERC,PKG,2017-11-29,17:15,bittrex
ZER,PKG,2018-01-25,09:54,cryptopia
PDC,TCC,2017-07-05,15:00,bittrex
SLR,TCC,2017-07-08,16:30,bittrex
BLITZ,TCC,2017-07-09,16:30,bittrex
EMC2,TCC,2017-07-10,12:59,bittrex
THC,TCC,2017-07-10,16:30,bittrex
MAY,TCC,2017-07-10,17:30,yobit
VERS,TCC,2017-07-11,16:29,yobit
KAT,TCC,2017-07-12,17:28,yobit
BCC,TCC,2017-07-13,16:00,yobit
VEC,TCC,2017-07-16,16:44,yobit
BTZ,TCC,2017-07-17,16:44,yobit
ASN,TCC,2017-07-18,16:44,yobit
BEEZ,TCC,2017-07-19,16:45,yobit
CHRG,TCC,2017-07-20,16:45,yobit
TB,TCC,2017-07-22,16:52,yobit
LVG,TCC,2017-07-24,16:45,yobit
GSY,TCC,2017-07-26,16:45,yobit
BLITZ,TCC,2017-07-27,16:45,bittrex
EVX,TCC,2018-06-19,15:30,binance
CTXC,TCC,2021-01-07,15:59,binance
ONG,TCC,2021-01-11,16:00,binance
STEEM,TCC,2021-01-18,17:00,binance
OMNI,TCG,2017-11-11,15:58,bittrex
PDC,TCG,2017-12-05,17:18,bittrex
BLITZ,TCG,2017-12-13,14:00,bittrex
SEQ,TCG,2018-02-11,14:10,bittrex
DLT,TCG,2018-03-22,16:00,binance
MDA,TCG,2018-03-25,16:30,binance
MDA,TCG,2018-03-31,17:00,binance
SPR,TCG,2018-04-12,15:00,bittrex
OAX,TCG,2018-04-15,14:57,binance
ENRG,TCG,2018-04-17,16:59,bittrex
AUR,TCG,2018-04-23,16:59,bittrex
TNT,TCG,2018-06-23,15:59,binance
ICN,TCG,2018-06-27,17:00,binance
WABI,TCG,2018-07-06,16:00,binance
VIBE,TCG,2018-07-14,17:00,binance
PIVX,TCG,2019-06-02,16:00,binance
SLR,TCG,2019-06-25,19:00,bittrex
SEQ,TCG,2019-07-01,15:59,bittrex
CVC,TCG,2019-08-13,20:00,binance
SNT,TCG,2019-08-16,16:59,binance
BNT,TCG,2019-09-09,20:00,binance
MORE,TCG,2019-11-27,16:00,bittrex
CURE,TCG,2019-12-12,18:00,bittrex
EDO,TCG,2019-12-16,16:00,binance
BRD,TCG,2020-01-20,16:00,binance
NAV,TCG,2020-02-20,16:00,binance
NXS,TCG,2020-03-03,15:59,binance
RDN,TCG,2020-03-13,16:00,binance
EDO,TCG,2020-03-26,15:59,binance
GRS,TCG,2020-04-02,15:59,binance
GVT,TCG,2020-04-15,15:56,binance
NAS,TCG,2020-05-30,16:00,binance
CTXC,TCG,2020-06-03,16:00,binance
PPT,TCG,2020-06-08,16:05,binance
QSP,TCG,2020-06-13,16:00,binance
NEBL,TCG,2020-06-14,16:00,binance
OAX,TCG,2020-06-28,16:00,binance
ADX,TCG,2020-07-07,16:00,binance
NXS,TCG,2020-07-21,16:00,binance
NXS,TCG,2020-08-02,16:00,binance
QLC,TCG,2020-09-06,16:00,binance
QSP,TCG,2020-09-10,18:00,binance
GVT,TCG,2020-09-17,17:59,binance
RDN,TCG,2020-10-17,16:00,binance
OAX,TCG,2020-11-05,16:00,binance
QLC,TCG,2021-01-06,16:00,binance
DLT,WCG,2018-05-10,15:30,binance
PIVX,WCG,2018-07-19,15:59,binance
TNB,WCG,2018-08-17,15:00,binance
BRD,WCG,2018-10-04,18:59,binance
OAX,WCG,2018-10-09,19:00,binance
EDO,WCG,2018-10-13,19:00,binance
GRS,WCG,2018-10-24,19:00,binance
AMB,WCG,2019-01-01,14:30,binance
VIA,WCG,2019-02-03,15:04,binance
AST,WCG,2019-03-02,14:00,binance
SNM,WCG,2019-04-04,13:29,binance
HC,WCG,2019-05-18,15:30,binance
CND,WCG,2019-05-21,13:30,binance
DATA,WCG,2019-09-08,18:00,binance
NXS,WCG,2019-10-02,18:00,binance
OST,WCG,2019-10-22,18:00,binance
NAV,WCG,2020-01-16,19:00,binance
SYS,TWP,2020-07-16,18:00,binance
GVT,TWP,2020-10-14,18:00,binance
OAX,TWP,2020-10-18,18:00,binance
PPT,TWP,2020-10-21,18:00,binance
YOYOW,TWP,2020-11-01,18:00,binance
APPC,TWP,2020-11-04,17:00,binance
NXS,TWP,2020-11-06,20:00,binance
BCPT,TWP,2020-11-14,18:00,binance
APPC,TWP,2020-11-18,18:00,binance
MDA,TWP,2020-11-27,21:00,binance
NEBL,TWP,2020-12-02,18:00,binance
BRD,TWP,2020-12-06,18:00,binance
PIVX,TWP,2020-12-11,17:57,binance
NEBL,TWP,2020-12-15,18:00,binance
VIB,TWP,2020-12-20,18:00,binance
NAS,TWP,2020-12-23,18:00,binance
EVX,TWP,2020-12-26,18:00,binance
EVX,TWP,2020-12-29,18:00,binance
IDEX,TWP,2020-12-31,17:00,binance
MDA,TWP,2021-01-03,17:00,binance
VIB,TWP,2021-01-08,17:00,binance
RCN,TWP,2021-01-10,17:00,binance
NXS,TWP,2021-01-15,17:00,binance
APPC,CP,2020-11-27,18:00,binance
NXS,CP,2020-12-03,18:00,binance
APPC,CP,2020-12-07,16:00,binance
NAV,CP,2020-12-20,19:00,binance
NXS,CP,2020-12-27,18:00,binance
SNM,CP,2021-01-08,21:00,binance
SNGLS,CP,2021-01-11,21:00,binance
APPC,CP,2021-01-13,21:00,binance
SOIL,BPF,2018-03-30,19:00,cryptopia
OPAL,BPF,2018-04-09,20:00,cryptopia
BSTY,BPF,2018-04-13,17:00,cryptopia
FLAX,BPF,2018-04-14,19:00,cryptopia
TRK,BPF,2018-04-15,18:00,cryptopia
BOLI,BPF,2018-04-18,19:00,cryptopia
BEST,BPF,2018-04-19,19:00,cryptopia
MNM,BPF,2018-04-23,19:00,cryptopia
EBG,BPF,2018-04-27,19:00,cryptopia
BTSY,BPF,2018-04-28,19:00,cryptopia
INPAY,BPF,2018-05-01,19:00,cryptopia
DARK,BPF,2018-05-02,19:00,cryptopia
MARS,BPF,2018-05-05,19:00,cryptopia
DAS,BPF,2018-05-09,18:00,cryptopia
ACOIN,BPF,2018-05-13,17:00,cryptopia
QTL,BPF,2018-05-14,18:00,cryptopia
ZSE,BPF,2018-05-16,18:00,cryptopia
MOJO,BPF,2018-05-18,19:00,cryptopia
IRL,BPF,2018-05-20,18:00,cryptopia
CL,BPF,2018-05-23,18:00,cryptopia
UMO,BPF,2018-05-25,18:59,cryptopia
UMO,BPF,2018-05-27,16:00,cryptopia
LEMON,BPF,2018-05-27,17:00,cryptopia
HAL,BPF,2018-05-30,18:00,cryptopia
IRL,BPF,2018-05-31,19:00,cryptopia
ZSE,BPF,2018-06-03,18:00,cryptopia
UMO,BPF,2018-06-05,19:00,cryptopia
PCOIN,BPF,2018-06-06,18:00,cryptopia
ABC,BPF,2018-06-10,17:00,cryptopia
GPL,BPF,2018-06-11,15:00,cryptopia
PASL,BPF,2018-06-13,18:00,cryptopia
CC,BPF,2018-06-14,17:00,cryptopia
MDA,BPF,2018-06-15,14:59,binance
XRE,BPF,2018-06-16,17:59,cryptopia
DAS,BPF,2018-06-17,18:00,cryptopia
BCD,BPF,2018-06-18,15:00,binance
DAS,BPF,2018-06-19,18:00,cryptopia
BVB,BPF,2018-06-21,19:00,cryptopia
UMO,BPF,2018-06-25,19:00,cryptopia
SKIN,BPF,2018-07-02,17:00,cryptopia
CC,BPF,2018-07-04,19:00,cryptopia
ABC,BPF,2018-07-05,19:00,cryptopia
BON,BPF,2018-07-08,17:00,cryptopia
RYA,BPF,2018-07-08,19:00,cryptopia
CAP,BPF,2018-07-13,19:30,cryptopia
VIBE,BPF,2018-07-14,17:00,cryptopia
OSC,BPF,2018-07-14,19:00,cryptopia
GRN,BPF,2018-07-21,18:00,cryptopia
OPCX,BPF,2018-07-22,17:00,cryptopia
QBT,BPF,2018-07-25,18:00,cryptopia
SOON,BPF,2018-07-28,18:00,cryptopia
SNGLS,BPF,2018-08-03,15:00,binance
BNC,BPF,2018-08-05,18:00,cryptopia
GNR,BPF,2018-08-08,18:00,cryptopia
OPCX,BPF,2018-08-12,17:00,cryptopia
COAL,BPF,2018-08-13,19:01,cryptopia
BIP,BPF,2018-08-16,18:00,cryptopia
XZX,BPF,2018-08-22,18:00,cryptopia
XXX,BPF,2018-08-26,17:00,cryptopia
ELM,BPF,2018-08-30,19:00,cryptopia
611,BPF,2018-08-31,18:30,cryptopia
WHL,BPF,2018-09-05,18:30,cryptopia
611,BPF,2018-09-07,19:00,cryptopia
ALL,BPF,2018-09-09,19:00,cryptopia
ATH,BPF,2018-09-12,18:30,cryptopia
MAGE,BPF,2018-09-16,18:30,cryptopia
ICN,BPF,2018-09-19,18:22,binance
REV,BPF,2018-09-19,19:01,cryptopia
KMD,BPF,2018-09-20,20:11,binance
OSC,BPF,2018-09-21,19:00,cryptopia
NAV,BPF,2018-09-22,19:00,binance
SIB,BPF,2018-09-23,18:00,cryptopia
YOVI,BPF,2018-09-24,19:00,cryptopia
NEVA,BPF,2018-09-25,19:00,cryptopia
BCPT,BPF,2018-09-28,18:00,cryptopia
DATA,BPF,2018-09-29,19:00,binance
SYNX,BPF,2018-09-30,19:00,cryptopia
CLOAK,BPF,2018-10-01,19:00,binance
BRD,BPF,2018-10-04,18:59,binance
EVX,BPF,2018-10-06,19:00,binance
BOLI,BPF,2018-10-08,18:30,cryptopia
QLC,BPF,2018-10-09,17:00,binance
OAX,BPF,2018-10-09,19:00,binance
FT,BPF,2018-10-12,19:30,cryptopia
ALL,BPF,2018-10-14,19:00,cryptopia
POLY,BPF,2018-10-17,19:01,cryptopia
XZC,BPF,2018-10-20,20:05,binance
FANS,BPF,2018-10-22,19:30,cryptopia
GRS,BPF,2018-10-24,19:00,binance
OXY,BPF,2018-11-03,17:59,cryptopia
CNO,BPF,2018-11-04,18:00,cryptopia
WINGS,BPF,2018-11-07,17:01,binance
EVX,BPF,2018-11-07,18:00,binance
ZNY,BPF,2018-11-09,20:00,cryptopia
BLOCK,BPF,2018-11-09,20:30,cryptopia
BRD,BPF,2018-11-13,17:00,binance
RDN,BPF,2018-11-27,17:00,binance
OAX,BPF,2018-12-07,17:00,binance
EVX,BPF,2018-12-10,17:00,binance
HC,BPF,2018-12-27,17:00,binance
BRD,BPF,2018-12-30,17:00,binance
AMB,BPF,2019-01-01,14:30,binance
DZC,BPF,2019-01-03,20:10,cryptopia
BNT,BPF,2019-01-06,21:00,binance
LOOM,BPF,2019-01-07,14:28,cryptopia
EVX,BPF,2019-01-08,16:00,binance
GXS,BPF,2019-01-20,17:59,binance
HC,BPF,2019-01-25,18:00,binance
WINGS,BPF,2019-01-27,18:00,binance
BQX,BPF,2019-01-29,14:00,binance
GRS,BPF,2019-02-02,18:00,binance
VIA,BPF,2019-02-03,15:04,binance
GXS,BPF,2019-02-10,18:00,binance
EDO,BPF,2019-02-16,18:00,binance
GBG,BPF,2019-02-21,20:00,bittrex
HC,BPF,2019-02-23,16:59,binance
AST,BPF,2019-03-02,14:00,binance
GRS,BPF,2019-03-05,16:30,binance
BRD,BPF,2019-03-17,18:59,binance
CURE,BPF,2019-03-19,20:00,bittrex
RDN,BPF,2019-03-24,18:59,bittrex
SNM,BPF,2019-04-04,13:29,binance
BLZ,BPF,2019-04-13,17:00,binance
ARDR,BPF,2019-04-17,17:00,binance
RDN,BPF,2019-04-24,17:00,binance
REQ,BPF,2019-04-29,15:00,binance
RDN,BPF,2019-05-10,16:00,binance
NAV,BPF,2019-05-18,17:00,binance
POA,BPF,2019-05-26,21:00,binance
SNM,BPF,2019-06-02,21:00,binance
BRD,BPF,2019-06-17,14:59,binance
PINK,BPF,2019-06-20,20:00,bittrex
INS,BPF,2019-06-25,16:00,binance
NLG,BPF,2019-06-27,20:00,bittrex
POWR,BPF,2019-07-03,21:00,binance
GEO,BPF,2019-07-09,20:00,bittrex
NAV,BPF,2019-07-13,16:57,binance
LRC,BPF,2019-07-25,20:00,binance
BLZ,BPF,2019-07-28,17:00,binance
RDN,BPF,2019-07-29,15:00,binance
NAV,BPF,2019-08-01,20:00,binance
SNM,BPF,2019-08-07,17:00,binance
CVC,BPF,2019-08-13,20:00,binance
DATA,BPF,2019-08-15,20:00,binance
VIB,BPF,2019-08-21,18:00,binance
SNT,BPF,2019-08-22,20:00,binance
QSP,BPF,2019-08-29,18:00,binance
EDO,BPF,2019-12-08,21:01,binance
CURE,BPF,2019-12-12,20:00,bittrex
VIB,BPF,2020-01-12,20:00,binance
NAV,BPF,2020-01-16,19:00,binance
BRD,BPF,2020-01-20,16:00,binance
NXS,BPF,2020-01-20,19:00,binance
NULS,BPF,2020-01-30,17:00,binance
VRC,BPF,2020-01-30,20:00,bittrex
RDN,BPF,2020-02-01,13:00,binance
WPR,BPF,2020-02-10,20:00,binance
MORE,BPF,2020-02-13,20:00,bittrex
CGEN,BPF,2020-02-16,10:00,bittrex
NAV,BPF,2020-02-20,16:00,binance
DNT,BPF,2020-02-27,16:00,binance
NXS,BPF,2020-03-03,16:00,binance
DNT,BPF,2020-03-04,19:00,binance
POA,BPF,2020-03-12,19:00,binance
NEBL,BPF,2020-03-15,20:00,binance
BNT,BPF,2020-03-17,15:55,binance
LUN,BPF,2020-03-18,19:00,binance
TNB,BPF,2020-03-21,16:00,binance
BRD,BPF,2020-03-24,16:00,binance
NXS,BPF,2020-03-25,15:57,binance
EDO,BPF,2020-03-26,15:59,binance
RLC,BPF,2020-03-27,15:57,binance
GRS,BPF,2020-04-02,16:00,binance
GVT,BPF,2020-04-04,15:59,binance
ARN,BPF,2020-04-07,18:00,binance
ELF,BPF,2020-04-10,15:58,binance
GVT,BPF,2020-04-15,15:56,binance
BNT,BPF,2020-04-24,15:59,binance
MDA,BPF,2020-05-04,19:01,binance
ONG,BPF,2020-05-26,16:00,binance
VIA,BPF,2020-05-29,15:59,binance
NAS,BPF,2020-05-30,16:00,binance
CTXC,BPF,2020-06-03,16:00,binance
PPT,BPF,2020-06-08,16:05,binance
QSP,BPF,2020-06-13,16:00,binance
GXS,BPF,2020-06-15,16:00,binance
GVT,BPF,2020-07-04,16:00,binance
ADX,BPF,2020-07-07,16:00,binance
CTXC,BPF,2020-07-10,17:00,binance
SYS,BPF,2020-07-16,18:00,binance
NXS,BPF,2020-07-21,16:00,binance
ELF,BPF,2020-07-24,17:00,binance
VIB,BPF,2020-07-30,18:00,binance
NXS,BPF,2020-08-02,16:00,binance
PPT,BPF,2020-08-04,18:00,binance
RDN,BPF,2020-08-25,18:00,binance
QLC,BPF,2020-09-06,16:00,binance
STPT,BPF,2020-09-08,16:00,binance
QSP,BPF,2020-09-10,18:00,binance
GVT,BPF,2020-09-17,18:00,binance
RDN,BPF,2020-10-17,16:00,binance
OAX,BPF,2020-10-18,18:00,binance
DUSK,BPF,2020-10-30,16:01,binance
YOYOW,BPF,2020-11-01,18:00,binance
ARDR,BPF,2020-11-02,16:00,binance
APPC,BPF,2020-11-04,17:00,binance
OAX,BPF,2020-11-05,16:00,binance
NXS,BPF,2020-11-06,20:00,binance
BRD,BPF,2020-11-09,16:00,binance
BCPT,BPF,2020-11-14,18:00,binance
APPC,BPF,2020-11-18,18:00,binance
MDA,BPF,2020-11-27,21:00,binance
NEBL,BPF,2020-12-02,18:00,binance
PNT,BPF,2020-12-04,23:01,binance
BRD,BPF,2020-12-06,18:00,binance
PIVX,BPF,2020-12-11,18:00,binance
NEBL,BPF,2020-12-15,18:00,binance
VIB,BPF,2020-12-20,18:00,binance
NAS,BPF,2020-12-23,18:00,binance
DLT,BPF,2020-12-26,21:00,binance
EVX,BPF,2020-12-29,18:00,binance
IDEX,BPF,2020-12-31,17:00,binance
NEBL,BPF,2021-01-02,21:00,binance
MDA,BPF,2021-01-03,17:00,binance
CTXC,BPF,2021-01-07,15:59,binance
VIB,BPF,2021-01-08,17:00,binance
EVX,BPF,2021-01-09,21:00,binance
RCN,BPF,2021-01-10,17:00,binance
ONG,BPF,2021-01-11,16:00,binance
NXS,BPF,2021-01-15,17:00,binance
DLT,CW,2020-01-04,20:00,binance
VIB,CW,2020-01-12,20:00,binance
OAX,CW,2020-01-14,19:00,binance
RDN,CW,2020-02-01,13:00,binance
WPR,CW,2020-02-10,20:00,binance
DNT,CW,2020-02-27,16:00,binance
DNT,CW,2020-03-04,19:00,binance
POA,CW,2020-03-12,19:00,binance
TNB,CW,2020-03-21,16:00,binance
EVX,CW,2020-03-21,16:39,binance
TCT,CW,2020-03-23,16:00,binance
OAX,CW,2020-03-24,15:58,binance
EDO,CW,2020-03-26,15:59,binance
RLC,CW,2020-03-27,15:57,binance
DLT,CW,2020-03-28,12:00,binance
SNGLS,CW,2020-04-01,11:58,binance
GRS,CW,2020-04-02,15:59,binance
GNT,CW,2020-04-10,16:00,binance
VITE,CW,2020-04-13,11:58,binance
MITH,CW,2020-04-14,16:00,binance
GVT,CW,2020-04-15,15:56,binance
BNT,CW,2020-04-24,15:59,binance
AST,CW,2020-05-09,16:00,binance
GTO,CW,2020-05-21,15:59,binance
ONG,CW,2020-05-26,16:00,binance
VIA,CW,2020-05-29,15:59,binance
CTXC,CW,2020-06-03,16:00,binance
PPT,CW,2020-06-08,16:05,binance
VIA,CW,2020-06-10,15:59,binance
GXS,CW,2020-06-15,16:00,binance
EVX,CW,2020-06-24,16:00,binance
DLT,CW,2020-11-08,15:00,binance
BCPT,CW,2021-01-09,13:00,binance
BRD,SE,2018-10-04,18:59,binance
OAX,SE,2018-10-09,19:00,binance
NAV,SE,2019-08-01,20:00,binance
CVC,SE,2019-08-13,20:00,binance
NXS,SE,2019-10-02,18:00,binance
EDC,CPI,2018-04-14,17:00,cryptopia
ECOB,CPI,2018-04-20,17:00,cryptopia
BVB,CPI,2018-04-21,16:00,cryptopia
EDC,CPI,2018-04-28,17:00,cryptopia
ARI,CPI,2018-05-02,15:00,cryptopia
SAK,CPI,2018-05-05,15:00,cryptopia
FCD,CPI,2018-05-09,15:00,cryptopia
SPACE,CPI,2018-05-09,15:00,cryptopia
NYAN,CPI,2018-05-16,15:00,cryptopia
ARGUS,CPI,2018-05-18,17:00,cryptopia
GRW,CPI,2018-05-25,15:00,cryptopia
PLC,CPI,2018-05-29,15:00,cryptopia
LDC,CPI,2018-06-01,15:00,cryptopia
BEEZ,CPI,2018-06-05,15:00,cryptopia
ARI,CPI,2018-06-09,15:00,cryptopia
LDC,CPI,2018-06-12,15:00,cryptopia
Q2C,CPI,2018-06-15,15:00,cryptopia
TRK,CPI,2018-06-20,15:00,cryptopia
BVB,CPI,2018-06-23,15:00,cryptopia
RBT,CPI,2018-06-26,15:00,cryptopia
CQST,CPI,2018-06-30,15:00,cryptopia
TRK,CPI,2018-07-04,15:00,cryptopia
SPT,CPI,2018-07-09,15:00,cryptopia
QBT,CPI,2018-07-12,15:00,cryptopia
GUN,CPI,2018-07-15,15:00,cryptopia
CON,CPI,2018-07-18,15:00,cryptopia
KRONE,CPI,2018-07-21,15:00,cryptopia
BEEZ,CPI,2018-07-25,15:00,cryptopia
FC2,CPI,2018-07-28,15:00,cryptopia
EDC,CPI,2018-07-31,15:00,cryptopia
CQST,CPI,2018-08-04,15:00,cryptopia
ELM,CPI,2018-08-07,15:00,cryptopia
FC2,CPI,2018-08-10,15:00,cryptopia
BEEZ,CPI,2018-08-13,15:00,cryptopia
ARI,CPI,2018-08-16,15:00,cryptopia
GRN,CPI,2018-08-20,15:00,cryptopia
LDC,CPI,2018-08-23,15:00,cryptopia
BERN,CPI,2018-08-27,15:00,cryptopia
GRN,CPI,2018-08-30,15:00,cryptopia
BDL,CPI,2018-09-03,15:00,cryptopia
ERY,CPI,2018-09-06,15:00,cryptopia
FUZZ,CPI,2018-09-10,15:00,cryptopia
EVO,CPI,2018-09-13,15:00,cryptopia
UBT,CPI,2018-09-17,15:00,cryptopia
SPR,CPI,2018-09-20,15:00,cryptopia
WSP,CPI,2018-09-24,15:00,cryptopia
MATRX,CPI,2018-09-27,15:00,cryptopia
KING,CPI,2018-09-30,15:00,cryptopia
BEEZ,CPI,2018-10-03,15:00,cryptopia
MARS,CPI,2018-10-07,15:00,cryptopia
SKR,CPI,2018-10-10,15:00,cryptopia
DRXNE,CPI,2018-10-16,15:00,cryptopia
PCOIN,CPI,2018-10-20,15:00,cryptopia
FLAX,CPI,2018-10-23,15:00,cryptopia
HAC,CPI,2018-10-27,15:00,cryptopia
TAJ,CPI,2018-10-30,16:00,cryptopia
DRPU,CPI,2018-11-03,16:00,cryptopia
TIX,CPI,2018-11-06,15:00,cryptopia
FLAX,CPI,2018-11-10,15:00,cryptopia
CTIC3,CPI,2018-11-13,15:00,cryptopia
CXT,CPI,2018-11-20,15:00,cryptopia
QBT,CPI,2018-11-24,15:00,cryptopia
OSC,CPI,2018-11-27,15:00,cryptopia
MBRS,CPI,2018-11-30,15:00,cryptopia
DZC,CPI,2018-12-04,15:00,cryptopia
HAC,CPI,2018-12-08,15:00,cryptopia
ETT,CPI,2018-12-12,15:00,cryptopia
CON,CPI,2018-12-15,15:00,cryptopia
FUZZ,CPI,2018-12-18,15:00,cryptopia
RIYA,CPI,2018-12-21,15:00,cryptopia
XRE,CPI,2018-12-25,15:00,cryptopia
MATRX,CPI,2018-12-28,15:00,cryptopia
CHESS,CPI,2019-01-01,15:00,cryptopia
RNS,CPI,2019-01-04,15:00,cryptopia
BBT,CPI,2019-01-08,15:00,cryptopia
UTC,CPI,2019-01-11,15:00,cryptopia
HC,CPI,2019-01-25,18:00,cryptopia
WINGS,CPI,2019-01-27,18:00,cryptopia
GRS,CPI,2019-02-02,18:00,cryptopia
STORJ,CPI,2019-02-04,16:30,cryptopia
GXS,CPI,2019-02-10,18:00,cryptopia
EDO,CPI,2019-02-16,18:00,cryptopia
HC,CPI,2019-02-23,17:00,cryptopia
AST,CPI,2019-03-02,14:00,cryptopia
GRS,CPI,2019-03-05,16:30,cryptopia
NEBL,CPI,2019-04-08,16:30,binance
BLZ,CPI,2019-04-13,17:00,binance
BRD,CPI,2019-04-14,19:01,binance
ARDR,CPI,2019-04-17,17:00,binance
SNM,CPI,2019-04-23,15:00,binance
REQ,CPI,2019-04-29,15:00,binance
RDN,CPI,2019-05-10,16:00,binance
CDT,CPI,2019-05-13,15:00,binance
NAV,CPI,2019-05-18,17:00,binance
SYS,CPI,2019-05-23,17:00,binance
BLZ,CPI,2019-05-27,17:00,binance
ARDR,CPI,2019-05-31,17:00,binance
SNM,CPI,2019-06-02,21:00,binance
NEBL,CPI,2019-06-16,21:00,binance
REN,CPI,2019-06-19,15:00,binance
NAV,CPI,2019-06-24,17:00,binance
DNT,CPI,2019-06-26,17:00,binance
SNGLS,CPI,2019-06-28,17:00,binance
DNT,CPI,2019-06-29,16:01,binance
VIB,CPI,2019-07-02,17:00,binance
PIVX,CPI,2019-07-05,16:00,binance
SYS,CPI,2019-07-07,17:59,binance
CND,CPI,2019-07-09,17:00,binance
SNM,CPI,2019-07-11,17:00,binance
DLT,CPI,2019-07-15,17:00,binance
SYS,CPI,2019-07-17,17:00,binance
BTS,CPI,2019-07-19,17:00,binance
SNT,CPI,2019-07-22,16:00,binance
ADX,CPI,2019-07-26,17:59,binance
BLZ,CPI,2019-07-28,17:00,binance
NAV,CPI,2019-08-01,20:00,binance
WABI,CPI,2019-08-02,18:00,binance
SNM,CPI,2019-08-04,18:00,binance
POA,CPI,2019-08-06,16:00,binance
YOYOW,CPI,2019-08-08,16:00,binance
RCN,CPI,2019-08-10,16:00,binance
VIA,CPI,2019-08-16,16:00,binance
ONG,CPI,2019-08-19,16:00,binance
VIB,CPI,2019-08-21,18:00,binance
QSP,CPI,2019-08-29,18:00,binance
LRC,CPI,2019-09-02,16:00,binance
QLC,CPI,2019-09-04,16:00,binance
EDO,CPI,2019-09-06,18:00,binance
DATA,CPI,2019-09-08,18:00,binance
BNT,CPI,2019-09-09,20:00,binance
BLZ,CPI,2019-09-17,16:00,binance
EDO,CPI,2019-09-25,16:00,binance
BLZ,CPI,2019-09-26,15:59,binance
NXS,CPI,2019-10-02,18:00,binance
OST,CPI,2019-10-22,18:00,binance
ONG,CPI,2019-10-29,18:00,binance
NEBL,CPI,2019-11-05,16:00,binance
BCD,CPI,2019-11-11,17:00,binance
EDO,CPI,2019-11-21,18:00,binance
NAV,CPI,2019-12-19,17:00,binance
EDO,CPI,2020-01-08,17:05,binance
ONG,CPI,2020-01-09,17:00,binance
GNT,CPI,2020-01-10,18:00,binance
NULS,CPI,2020-01-30,17:00,binance
SYS,CPI,2020-02-26,18:00,binance
QLC,CPI,2020-03-12,16:00,binance
TCT,CPI,2020-03-13,16:00,binance
OAX,CPI,2020-03-24,15:58,binance
EDO,CPI,2020-03-26,15:59,binance
GRS,CPI,2020-04-02,16:00,binance
GNT,CPI,2020-04-10,16:00,binance
VITE,CPI,2020-04-13,11:59,binance
MITH,CPI,2020-04-14,16:00,binance
GVT,CPI,2020-04-15,15:56,binance
CVC,CPI,2020-05-05,16:00,binance
AST,CPI,2020-05-09,16:00,binance
YOYOW,CPI,2020-05-14,16:00,binance
GTO,CPI,2020-05-21,15:59,binance
VIA,CPI,2020-05-29,16:00,binance
CTXC,CPI,2020-06-03,16:00,binance
PPT,CPI,2020-06-08,16:06,binance
VIA,CPI,2020-06-10,16:00,binance
QSP,CPI,2020-06-13,16:00,binance
GXS,CPI,2020-06-15,16:00,binance
EVX,CPI,2020-06-24,16:00,binance
ELF,CPI,2020-07-24,17:00,binance
PPT,CPI,2020-08-04,18:00,binance
RDN,CPI,2020-08-25,18:01,binance
SNM,CPI,2020-09-04,16:00,binance
QLC,CPI,2020-09-06,16:01,binance
CDT,CPI,2020-09-16,16:00,binance
GVT,CPI,2020-09-17,18:00,binance
GVT,CPI,2020-09-30,17:00,binance
RDN,CPI,2020-10-17,16:00,binance
OAX,CPI,2020-10-18,18:00,binance
PPT,CPI,2020-10-21,18:00,binance
DUSK,CPI,2020-10-30,16:00,binance
ARDR,CPI,2020-11-02,16:00,binance
GTO,CPI,2020-11-03,16:00,binance
APPC,CPI,2020-11-04,17:00,binance
BRD,CPI,2020-11-09,16:00,binance
SUB,CCS,2018-12-27,12:30,binance
VIB,CCS,2019-08-21,17:59,binance
QSP,CCS,2019-08-29,18:00,binance
DATA,CCS,2019-09-08,18:00,binance
BRD,CCS,2020-01-20,16:00,binance
NAV,CCS,2020-02-20,16:00,binance
NXS,CCS,2020-03-03,15:59,binance
SNGLS,CCS,2020-03-08,18:59,binance
RDN,CCS,2020-03-13,16:00,binance
BRD,CCS,2020-03-24,16:00,binance
NXS,CCS,2020-03-25,15:57,binance
RLC,CCS,2020-04-20,16:00,binance
ADX,CCS,2020-07-07,16:00,binance
IDEX,CCS,2020-12-31,17:00,binance